customer_id,transaction_date,amount,transaction_type,account_balance,customer_age,branch_distance,is_fraud
CUST1039,25-Dec-23,24169.29,credit,50.5 lakh,24.0,15miles,0
CUST1044,31st December 2023,15873.67,CREDIT,0.24 crore,21.0,1m,0
CUST1012,09-Aug-23,5703.26,CREDIT,"Rs. 34,64,442",27.0,1m,0
CUST1103,05/07/2023,3709.2,Debit,0.8 Cr,62.0,5km,0
CUST1005,28th October 2023,6258.47,debit,16.1 lakh,27.0,1m,0
CUST1005,7th March 2023,6714.76,Debit ,1.0 Cr,56.0,5miles,0
CUST1053,26/09/2023,8620.77,transfer,0.0 Cr,38.0,3miles,0
CUST1063,17-Dec-23,36253.84,debit,1.2 Cr,53.0,10m,0
CUST1000,23-Mar-23,2609.44,DEBIT,0.5 Cr,53.0,10m,0
CUST1090,18/05/2023,3839.35,Credit,26.0 lakh,39.0,1m,0
CUST1082,2023-05-08,7853.7,transfer,31.5 lakh,,5m,0
CUST1092,10/03/2023,23286.48,Credit,0.4 Cr,61.0,1miles,0
CUST1068,3rd December 2023,13697.15,DEBIT,0.4 Cr,45.0,5m,0
CUST1034,15/04/2023,9265.95,Credit,"Rs. 70,35,478",48.0,5km,0
CUST1104,1st April 2023,2334.8,Transfer,"Rs. 12,95,032",39.0,1miles,0
CUST1008,2023-03-15,8318.76,Transfer,30.3 lakh,46.0,1m,0
CUST1048,16/07/2023,8512.58,Transfer,Undisclosed,62.0,1km,0
CUST1101,5th January 2023,8584.73,DEBIT,"₹1,82,96,454",26.0,3km,0
CUST1042,3rd September 2023,103437.37,Debit,1.04 crore,23.0,1m,0
CUST1116,2023-04-25,13666.01,Credit,Undisclosed,62.0,5km,0
CUST1014,25/04/2023,10064.25,CREDIT,1.54 crore,28.0,5km,0
CUST1042,04.11.2023,5405.86,transfer,"Rs. 26,55,952",40.0,15miles,0
CUST1119,16th May 2023,6747.44,Debit,"₹7,05,296",30.0,3miles,0
CUST1073,7th August 2023,1271.29,transfer,0.10 crore,29.0,3miles,0
CUST1077,22nd November 2023,583.51,Debit ,6.9 lakh,55.0,15miles,0
CUST1067,23/10/2023,4019.9,Debit,200.0 lakh,21.0,3km,0
CUST1116,28/06/2023,13359.15,debit,2.2 lakh,56.0,10km,0
CUST1048,14/01/2023,3725.12,debit,"Rs. 1,62,870",63.0,15km,0
CUST1046,14-Mar-23,26874.73,credit,none,32.0,10m,0
CUST1092,2023-06-22,1470.7,credit,"₹1,11,51,499",62.0,1m,0
CUST1087,21st August 2023,28868.53,debit,0.74 crore,35.0,10km,0
CUST1051,13-Nov-23,10101.8,transfer,"Rs. 81,27,096",56.0,15km,0
CUST1105,14-Jul-23,8226.71,debit,0.26 crore,27.0,1km,0
CUST1036,2023-03-25,9949.99,DEBIT,"₹4,28,673",,5km,0
CUST1010,19-Oct-23,6171.63,credit,1.0 Cr,24.0,5km,0
CUST1064,2023-04-10,3959.49,Transfer,"Rs. 98,40,134",65.0,1miles,0
CUST1003,2023-10-28,1400.75,Transfer,"Rs. 15,84,868",39.0,3km,0
CUST1113,21-Apr-23,1371.19,Credit,63.3 lakh,53.0,15m,0
CUST1043,29th May 2023,2812.21,Debit,none,60.0,15km,0
CUST1018,08-Jun-23,7881.67,Debit,"₹4,83,307",31.0,5km,1
CUST1022,30-Dec-23,9209.77,credit,1.75 crore,49.0,3km,0
CUST1052,14th November 2023,6286.1,CREDIT,38.0 lakh,60.0,5miles,0
CUST1005,14/11/2023,4685.99,transfer,"₹1,38,99,787",56.0,1km,0
CUST1109,2023-02-07,8852.56,credit,"Rs. 14,07,900",50.0,15miles,0
CUST1025,25/07/2023,3795.95,Credit,1.30 crore,34.0,10km,0
CUST1081,20/04/2023,5230.4,Debit ,"₹7,34,807",24.0,5miles,0
CUST1034,10/05/2023,3690.5,transfer,"₹85,67,460",26.0,5m,0
CUST1023,28.01.2023,4171.13,Transfer,"Rs. 14,56,885",31.0,3miles,0
CUST1089,12.08.2023,8213.66,DEBIT,2.0 Cr,,15km,0
CUST1085,12-Jun-23,2099.88,Transfer,Undisclosed,52.0,5km,0
CUST1057,6th March 2023,10504.25,DEBIT,0.5 Cr,33.0,10m,0
CUST1026,2023-04-08,15200.61,transfer,2.0 Cr,44.0,1miles,0
CUST1083,22.08.2023,106027.03,Transfer,0.1 Cr,42.0,1km,0
CUST1069,12.08.2023,8425.48,Debit ,"Rs. 32,60,853",27.0,1km,0
CUST1095,16.11.2023,3318.13,Credit,"₹2,00,00,000",23.0,5miles,0
CUST1025,29.08.2023,13086.61,credit,1.23 crore,47.0,10km,0
CUST1112,04-Dec-23,10057.68,transfer,"Rs. 2,00,00,000",,10km,0
CUST1042,29.03.2023,2444.82,Credit,"Rs. 13,92,263",33.0,15m,0
CUST1081,19.07.2023,6844.23,Debit ,13.0 lakh,31.0,10km,0
CUST1107,18.11.2023,3943.56,Debit,0.8 Cr,26.0,1km,0
CUST1079,29/12/2023,8525.46,debit,"₹88,88,196",,3miles,0
CUST1038,10/04/2023,2259.68,Transfer,7.4 lakh,45.0,5m,0
CUST1081,2023-10-24,19570.73,credit,"₹54,04,934",27.0,3miles,0
CUST1116,17-Apr-23,7177.15,transfer,"Rs. 14,44,011",52.0,1km,0
CUST1103,24-Mar-23,9853.75,CREDIT,"₹10,82,941",61.0,15km,0
CUST1076,07/10/2023,2970.14,DEBIT,Undisclosed,28.0,3m,0
CUST1014,2023-04-22,7095.25,CREDIT,Undisclosed,,3miles,0
CUST1070,30-Nov-23,16014.7,Credit,"Rs. 7,61,121",33.0,5km,0
CUST1074,28.10.2023,5162.59,Debit ,140.2 lakh,49.0,10m,0
CUST1054,13th April 2023,7425.59,CREDIT,0.13 crore,49.0,3km,0
CUST1105,27/11/2023,7899.35,debit,0.4 Cr,,3miles,0
CUST1084,10/07/2023,5909.91,Transfer,0.09 crore,21.0,5km,0
CUST1049,26th May 2023,3046.74,credit,0.0 Cr,59.0,1m,0
CUST1025,11.04.2023,9649.04,CREDIT,Undisclosed,,5miles,0
CUST1049,02.05.2023,25144.82,DEBIT,NA,39.0,3miles,0
CUST1082,09.01.2023,6635.37,credit,"₹89,41,276",40.0,5miles,0
CUST1078,2023-01-25,4870.28,Debit,"Rs. 57,04,504",28.0,5m,0
CUST1041,19-Dec-23,7098.22,Debit,29.0 lakh,44.0,15km,0
CUST1006,05.06.2023,10053.99,debit,0.67 crore,45.0,5m,0
CUST1040,17-Mar-23,5803.38,CREDIT,"Rs. 13,19,951",54.0,15km,0
CUST1061,2023-04-26,2618.65,Debit,1.58 crore,36.0,3m,0
CUST1085,21-Apr-23,13993.37,transfer,"Rs. 57,78,402",34.0,15m,0
CUST1083,20th March 2023,29214.6,Debit,"₹22,80,332",44.0,10miles,0
CUST1035,05/08/2023,6720.27,Debit ,0.07 crore,27.0,3miles,0
CUST1023,17/05/2023,4925.48,CREDIT,Undisclosed,37.0,1m,0
CUST1055,18/09/2023,2743.17,Credit,"Rs. 60,12,247",,10m,0
CUST1076,2023-05-22,6949.37,transfer,"Rs. 35,31,980",24.0,3km,0
CUST1030,03-Feb-23,784.02,Credit,0.46 crore,46.0,10miles,0
CUST1021,15th April 2023,3351.95,transfer,2.00 crore,21.0,1km,0
CUST1109,19th December 2023,15148.58,Credit,0.14 crore,42.0,10km,0
CUST1022,16/05/2023,6348.31,Credit,39.1 lakh,59.0,5miles,0
CUST1005,09-Jan-23,5073.07,credit,0.17 crore,31.0,3km,0
CUST1094,29.06.2023,4761.82,transfer,0.16 crore,50.0,1miles,0
CUST1014,19th May 2023,167908.25,Credit,"₹33,31,136",35.0,3miles,0
CUST1095,15/02/2023,3567.17,CREDIT,"Rs. 55,22,414",61.0,15miles,0
CUST1044,19.06.2023,14899.02,Debit ,"Rs. 59,53,157",33.0,1m,0
CUST1101,21-Aug-23,26845.17,Transfer,0.06 crore,52.0,3miles,0
CUST1038,07.09.2023,5572.04,Transfer,NA,58.0,1km,0
CUST1006,09/05/2023,5161.54,CREDIT,0.16 crore,56.0,3km,0
CUST1117,11-Feb-23,241.76,CREDIT,"₹92,09,261",64.0,10miles,0
CUST1039,30-Mar-23,3341.65,DEBIT,0.06 crore,33.0,5km,0
CUST1072,18.11.2023,7659.07,transfer,9.9 lakh,48.0,1km,0
CUST1059,01.07.2023,6508.17,DEBIT,"Rs. 1,37,40,878",56.0,1miles,0
CUST1016,14.11.2023,5881.08,Credit,0.1 Cr,,10km,0
CUST1010,2023-01-29,6461.79,Debit,"₹26,56,353",,5m,0
CUST1089,2023-04-15,19988.01,CREDIT,0.1 Cr,35.0,3miles,0
CUST1088,13.04.2023,3774.1,credit,"₹1,13,85,892",54.0,1km,0
CUST1007,04.03.2023,1349.14,Debit ,"Rs. 20,06,559",55.0,5m,0
CUST1018,22nd November 2023,25164.41,credit,Undisclosed,36.0,3m,0
CUST1037,8th December 2023,4002.45,Debit,1.6 Cr,46.0,10m,0
CUST1036,23/08/2023,18418.29,CREDIT,NULL,,15miles,0
CUST1058,22.05.2023,6995.64,debit,Undisclosed,53.0,3miles,0
CUST1083,19th March 2023,23405.32,credit,0.4 Cr,29.0,5m,0
CUST1077,04.12.2023,7966.72,Credit,0.2 Cr,29.0,5m,0
CUST1005,16/01/2023,1849.26,debit,10.2 lakh,52.0,10miles,0
CUST1093,16th July 2023,10832.68,CREDIT,"Rs. 1,31,16,451",,5km,0
CUST1080,16th January 2023,14855.44,transfer,0.77 crore,29.0,15m,0
CUST1028,2023-04-14,10319.04,Debit,"Rs. 1,57,66,384",33.0,1m,0
CUST1103,13.03.2023,5135.33,Credit,0.24 crore,25.0,5km,0
CUST1106,2023-04-17,10559.66,Transfer,"Rs. 1,42,11,364",56.0,3km,0
CUST1016,22-Sep-23,3865.13,credit,"₹99,53,234",,15miles,0
CUST1090,03.07.2023,17362.48,credit,200.0 lakh,,15km,0
CUST1079,30-Jan-23,9850.67,debit,"₹1,18,40,173",37.0,1km,0
CUST1026,08.10.2023,9975.29,Transfer,0.25 crore,24.0,3miles,1
CUST1044,06/02/2023,2595.91,CREDIT,0.0 Cr,56.0,10km,0
CUST1028,29/11/2023,10128.89,transfer,"Rs. 39,02,934",35.0,1km,0
CUST1087,2023-12-17,5588.15,Credit,0.2 Cr,45.0,3miles,0
CUST1114,12.11.2023,1863.74,Transfer,0.98 crore,24.0,3km,0
CUST1102,08.01.2023,5840.36,Transfer,45.9 lakh,,3miles,0
CUST1037,08-Mar-23,15103.72,Debit ,"Rs. 27,63,334",25.0,5m,0
CUST1091,2023-06-04,10709.08,credit,1.3 Cr,54.0,5miles,0
CUST1090,15-Nov-23,8497.47,Transfer,"₹33,90,113",54.0,3miles,0
CUST1004,2023-05-01,8950.97,DEBIT,"Rs. 14,96,099",,1miles,0
CUST1109,09.11.2023,6825.3,DEBIT,"₹5,45,619",23.0,3km,0
CUST1004,05.10.2023,8392.02,CREDIT,"₹2,00,00,000",42.0,5m,0
CUST1118,30.01.2023,882.44,transfer,0.4 Cr,64.0,5m,1
CUST1020,15-Jul-23,11362.67,CREDIT,51.6 lakh,,5km,0
CUST1050,20-Jan-23,3941.53,Credit,0.58 crore,62.0,15km,0
CUST1056,2023-08-25,5644.48,CREDIT,NA,51.0,15km,0
CUST1070,10/06/2023,3168.51,Transfer,"Rs. 2,00,00,000",38.0,5miles,0
CUST1029,28-Feb-23,8919.48,Credit,17.6 lakh,58.0,5km,0
CUST1086,30/06/2023,2419.92,CREDIT,"₹27,83,387",25.0,15miles,0
CUST1047,15-Dec-23,6742.8,credit,"Rs. 5,73,878",41.0,15miles,0
CUST1079,16.01.2023,2430.22,transfer,"₹77,78,372",58.0,1km,0
CUST1027,13.07.2023,4920.76,transfer,"₹12,26,134",62.0,1km,0
CUST1068,04.03.2023,645.95,Credit,0.4 Cr,63.0,15m,0
CUST1042,05-May-23,12735.26,DEBIT,2.00 crore,28.0,3miles,0
CUST1071,16/09/2023,3492.23,Transfer,0.05 crore,49.0,10km,0
CUST1099,28/07/2023,15543.08,transfer,40.6 lakh,42.0,5km,0
CUST1080,12th April 2023,3215.15,debit,N/A,56.0,10m,1
CUST1009,09-Mar-23,7665.82,DEBIT,2.0 Cr,43.0,3miles,0
CUST1114,22nd June 2023,21925.44,credit,1.1 Cr,25.0,5miles,0
CUST1089,10th March 2023,10218.45,credit,0.3 Cr,26.0,3km,1
CUST1056,01.04.2023,15999.88,transfer,0.3 Cr,35.0,5miles,0
CUST1036,15.06.2023,4589.41,Credit,101.9 lakh,,3miles,0
CUST1044,26/05/2023,10845.31,transfer,0.08 crore,31.0,5miles,0
CUST1018,19th February 2023,5715.79,DEBIT,0.1 Cr,,1m,0
CUST1026,2023-05-25,5992.38,credit,2.0 Cr,29.0,10miles,0
CUST1063,2023-05-15,10483.53,Credit,41.1 lakh,28.0,5km,0
CUST1064,21.06.2023,10110.58,Credit,1.4 Cr,,5km,0
CUST1107,13/10/2023,10147.02,credit,"₹1,29,53,689",36.0,3m,0
CUST1019,06/09/2023,5215.83,CREDIT,"Rs. 2,00,00,000",26.0,15m,0
CUST1078,17/04/2023,18233.18,Credit,"₹6,01,397",45.0,15km,0
CUST1112,30-May-23,2254.99,credit,"Rs. 38,71,155",43.0,15miles,0
CUST1041,7th May 2023,1069.66,CREDIT,"₹1,12,91,454",63.0,1miles,0
CUST1052,18-Dec-23,5709.8,credit,0.61 crore,47.0,1m,0
CUST1103,15th August 2023,4276.82,debit,0.09 crore,35.0,5m,0
CUST1068,2023-04-16,6403.52,Credit,"₹31,62,843",42.0,3m,0
CUST1099,27/12/2023,20645.14,transfer,0.96 crore,62.0,1m,0
CUST1110,2023-04-28,11546.14,Transfer,9.9 lakh,34.0,15m,0
CUST1064,23rd July 2023,8349.71,transfer,"₹49,96,156",35.0,3km,0
CUST1016,19/05/2023,7314.01,Debit ,"₹28,98,822",47.0,1km,0
CUST1024,07.11.2023,5669.24,credit,0.50 crore,40.0,5miles,0
CUST1037,08.08.2023,5588.79,transfer,"Rs. 97,84,416",65.0,15m,0
CUST1047,07-Oct-23,3319.74,Credit,"Rs. 17,38,801",46.0,3miles,0
CUST1103,19th November 2023,6594.53,Transfer,"₹1,78,244",52.0,15km,0
CUST1007,2023-09-10,12353.19,CREDIT,0.44 crore,23.0,5m,0
CUST1026,2023-10-15,7127.89,Debit ,0.1 Cr,36.0,5miles,0
CUST1089,09.02.2023,4290.85,Credit,"₹8,62,439",31.0,3miles,0
CUST1080,26-Sep-23,10044.59,transfer,0.6 Cr,,1miles,0
CUST1078,10th July 2023,6484.3,Credit,12.4 lakh,34.0,15m,0
CUST1119,2023-06-19,5167.57,DEBIT,13.5 lakh,51.0,1miles,0
CUST1089,07/04/2023,3296.84,CREDIT,"₹1,10,83,870",24.0,15miles,0
CUST1001,09/04/2023,32043.58,debit,"Rs. 54,68,854",60.0,10miles,0
CUST1013,21.04.2023,10924.59,transfer,0.52 crore,54.0,15m,0
CUST1103,12/11/2023,21078.8,debit,"Rs. 9,02,959",,3km,1
CUST1060,01/01/2023,98.9,transfer,"₹19,08,720",48.0,10miles,0
CUST1048,17-Jul-23,23365.05,Transfer,0.69 crore,54.0,1m,0
CUST1107,12-Aug-23,23935.42,CREDIT,"Rs. 1,74,81,814",28.0,15miles,0
CUST1044,2023-08-06,6965.44,Debit ,0.2 Cr,33.0,10miles,0
CUST1046,27-Sep-23,3332.69,DEBIT,1.3 Cr,,5miles,0
CUST1082,03.09.2023,3433.97,transfer,0.48 crore,,15km,0
CUST1062,30/03/2023,5446.58,Debit,0.2 Cr,,1m,0
CUST1053,03.03.2023,9671.68,Transfer,"₹94,33,065",38.0,3m,1
CUST1115,28.10.2023,6272.74,DEBIT,0.10 crore,46.0,10m,0
CUST1010,2023-03-30,6638.83,credit,0.20 crore,47.0,3m,0
CUST1071,2023-06-29,14529.61,DEBIT,"Rs. 3,63,334",57.0,10km,1
CUST1075,17-Nov-23,7757.44,Transfer,200.0 lakh,44.0,10km,0
CUST1095,09-Mar-23,13943.93,debit,"Rs. 81,90,358",29.0,15miles,0
CUST1037,13/05/2023,5724.36,Debit ,0.58 crore,44.0,5m,0
CUST1019,03-Oct-23,3181.62,debit,"Rs. 88,91,166",39.0,3miles,0
CUST1033,22-Apr-23,4692.73,transfer,"₹21,87,499",61.0,3miles,0
CUST1084,2023-10-29,4791.93,DEBIT,0.47 crore,21.0,3miles,0
CUST1039,25th March 2023,11418.48,Credit,200.0 lakh,60.0,10m,0
CUST1032,11.07.2023,76074.95,CREDIT,"Rs. 41,13,665",35.0,15km,0
CUST1003,25-Mar-23,7991.62,Debit,0.30 crore,54.0,3m,0
CUST1039,2023-03-14,9286.18,debit,"Rs. 1,29,74,288",63.0,3km,0
CUST1109,15.04.2023,17135.94,transfer,26.1 lakh,44.0,1miles,0
CUST1089,19th April 2023,13162.42,credit,"Rs. 33,99,943",27.0,10km,0
CUST1104,12/12/2023,5381.13,Transfer,"Rs. 65,53,827",43.0,10m,0
CUST1098,01/05/2023,8494.56,Credit,0.12 crore,,15miles,0
CUST1005,19th April 2023,10245.36,DEBIT,"₹40,01,393",48.0,3miles,0
CUST1053,2nd April 2023,16047.96,debit,0.2 Cr,26.0,5m,0
CUST1040,07-Mar-23,809.32,Transfer,"Rs. 2,56,215",,10miles,0
CUST1077,19th August 2023,3994.71,Transfer,"Rs. 17,97,603",44.0,1km,0
CUST1019,2023-01-04,13219.05,credit,0.9 Cr,60.0,10miles,0
CUST1046,26th January 2023,9907.3,Debit ,0.17 crore,39.0,1m,0
CUST1041,02/06/2023,4762.73,Transfer,2.0 Cr,55.0,10km,0
CUST1081,2023-09-10,5136.89,DEBIT,0.05 crore,60.0,3m,0
CUST1047,2023-01-20,15373.63,DEBIT,"₹53,06,675",26.0,5m,0
CUST1092,01.12.2023,6542.5,Transfer,"₹51,11,081",28.0,3m,0
CUST1088,26th January 2023,3362.46,DEBIT,"Rs. 18,71,890",38.0,3miles,0
CUST1034,03-Jan-23,7760.34,debit,"₹20,17,803",38.0,5miles,0
CUST1028,10.01.2023,9756.96,credit,93.0 lakh,59.0,10m,0
CUST1119,13.10.2023,1851.78,Transfer,Undisclosed,49.0,3miles,0
CUST1086,19.07.2023,833.82,credit,"₹38,01,918",26.0,10m,0
CUST1037,11.06.2023,9688.19,transfer,-,57.0,10miles,0
CUST1030,12.07.2023,11145.01,Credit,72.8 lakh,28.0,1miles,0
CUST1110,2023-03-23,9014.79,transfer,"Rs. 24,47,287",34.0,10m,0
CUST1064,2nd October 2023,2818.12,Credit,39.1 lakh,50.0,5miles,0
CUST1068,21/06/2023,14173.48,Transfer,28.3 lakh,,15m,0
CUST1079,25.04.2023,8059.99,debit,0.3 Cr,,15m,0
CUST1072,17/11/2023,4266.74,Debit ,"₹29,32,482",,15m,0
CUST1047,03.05.2023,5585.36,Credit,54.2 lakh,22.0,3m,0
CUST1101,2023-04-01,9682.87,Transfer,0.2 Cr,42.0,3km,1
CUST1087,13.12.2023,12389.2,Transfer,0.2 Cr,25.0,10miles,0
CUST1056,4th September 2023,8748.88,Credit,"₹2,00,00,000",23.0,5miles,0
CUST1013,16/03/2023,901.32,Credit,0.2 Cr,31.0,5miles,0
CUST1033,19th February 2023,2571.56,transfer,"₹9,07,670",36.0,5miles,0
CUST1072,21/05/2023,9132.08,transfer,96.2 lakh,35.0,5m,0
CUST1060,01/01/2024,6141.71,debit,0.27 crore,29.0,3m,0
CUST1074,05-Jun-23,7105.19,Transfer,"₹18,66,313",54.0,10miles,0
CUST1075,14th September 2023,7035.0,Debit,1.32 crore,62.0,3m,0
CUST1043,2023-04-26,8627.16,Transfer,132.1 lakh,28.0,3miles,0
CUST1094,14.04.2023,13077.01,Transfer,"₹59,64,364",,5m,0
CUST1102,2023-01-29,10641.24,transfer,2.0 Cr,32.0,3km,0
CUST1070,23.05.2023,3827.34,transfer,3.6 lakh,29.0,15miles,0
CUST1059,2023-02-20,12366.89,Transfer,"₹43,08,116",33.0,10km,0
CUST1076,07.09.2023,18939.3,Credit,"₹1,58,37,598",28.0,10m,0
CUST1032,28.07.2023,2680.5,DEBIT,"Rs. 83,63,974",51.0,15miles,0
CUST1035,14th December 2023,5475.02,Credit,0.12 crore,32.0,10km,0
CUST1022,03/02/2023,9106.13,DEBIT,0.39 crore,42.0,15km,0
CUST1064,06/06/2023,6894.37,Credit,2.0 Cr,60.0,3m,0
CUST1109,22-Mar-23,6136.43,credit,26.2 lakh,51.0,15miles,0
CUST1047,16th March 2023,3980.25,Debit ,0.31 crore,40.0,10m,0
CUST1045,27-Nov-23,5593.01,DEBIT,"Rs. 2,73,368",,3km,0
CUST1054,15/07/2023,1524.27,DEBIT,0.8 Cr,60.0,15miles,0
CUST1092,03/09/2023,5663.4,CREDIT,0.3 Cr,23.0,10m,0
CUST1075,12/07/2023,5194.01,CREDIT,"₹13,25,648",44.0,10miles,0
CUST1052,19-Mar-23,9466.22,transfer,2.0 Cr,26.0,10km,0
CUST1088,12-Jan-23,5873.46,Credit,"₹73,16,247",41.0,5miles,0
CUST1058,5th July 2023,3057.55,Debit,0.45 crore,22.0,3km,0
CUST1116,20.09.2023,13909.83,CREDIT,0.3 Cr,,15miles,0
CUST1008,08/02/2023,4810.75,Debit ,0.1 Cr,53.0,1m,0
CUST1104,22nd May 2023,1017.62,Debit ,4.9 lakh,,15miles,0
CUST1073,31/05/2023,11500.86,transfer,Undisclosed,,3miles,0
CUST1068,23-Aug-23,18113.06,Debit,38.9 lakh,43.0,15km,0
CUST1003,01/10/2023,3969.26,Credit,"₹23,68,490",25.0,5miles,0
CUST1054,19th May 2023,3042.31,Transfer,11.3 lakh,,10km,0
CUST1048,26.01.2023,5204.19,Transfer,"Rs. 27,92,622",58.0,1km,0
CUST1020,18.04.2023,7071.46,credit,"Rs. 60,42,382",41.0,10km,0
CUST1032,2023-09-18,5834.75,CREDIT,none,46.0,1miles,0
CUST1038,2023-04-28,16929.32,debit,"₹41,89,403",51.0,1miles,0
CUST1022,17-Oct-23,11403.96,CREDIT,Undisclosed,51.0,1km,0
CUST1053,22/03/2023,3977.8,Debit ,50.4 lakh,63.0,3miles,0
CUST1026,2023-06-06,6972.55,Transfer,0.13 crore,41.0,1km,0
CUST1116,28/07/2023,6496.54,Debit ,Undisclosed,54.0,3km,0
CUST1008,2023-02-27,5648.67,credit,"Rs. 16,92,183",55.0,10km,0
CUST1060,12/05/2023,7157.7,debit,0.0 Cr,27.0,10miles,0
CUST1065,2023-03-08,11210.88,debit,104.6 lakh,,1m,0
CUST1032,05-Apr-23,9124.96,DEBIT,2.00 crore,63.0,15m,1
CUST1054,11/07/2023,3510.49,debit,1.1 Cr,45.0,1km,0
CUST1050,15.06.2023,3768.63,CREDIT,Undisclosed,33.0,15miles,0
CUST1056,02.03.2023,9782.31,CREDIT,0.6 Cr,32.0,5miles,0
CUST1012,9th December 2023,5996.87,Debit,0.9 Cr,48.0,1m,0
CUST1070,31.12.2023,970.41,debit,1.33 crore,26.0,15km,0
CUST1107,2023-12-15,13546.58,transfer,"₹1,26,35,819",54.0,15km,0
CUST1069,28/04/2023,5442.52,transfer,0.1 Cr,64.0,3m,0
CUST1109,14-Apr-23,5199.14,Debit,"Rs. 83,31,821",47.0,10miles,0
CUST1032,29th December 2023,6925.98,debit,0.27 crore,59.0,1km,0
CUST1050,23rd March 2023,4164.63,debit,"Rs. 25,43,200",43.0,1km,0
CUST1026,16.08.2023,14201.01,Credit,0.08 crore,,1m,0
CUST1084,2023-08-13,4051.35,credit,"₹12,37,341",30.0,1m,0
CUST1014,17.11.2023,9105.03,transfer,0.3 Cr,52.0,5km,0
CUST1030,07-Dec-23,4499.51,Credit,"Rs. 19,36,391",38.0,5miles,0
CUST1001,21st February 2023,6116.51,transfer,"Rs. 8,75,215",58.0,10m,0
CUST1077,23/09/2023,4967.39,CREDIT,N/A,62.0,1m,0
CUST1086,30.12.2023,18798.45,Transfer,"Rs. 29,22,292",23.0,5m,0
CUST1051,2023-11-18,7920.42,credit,"Rs. 1,33,59,650",,15km,0
CUST1102,15th January 2023,8763.47,transfer,0.05 crore,43.0,3miles,0
CUST1098,24.03.2023,1560.16,Transfer,0.1 Cr,43.0,3miles,0
CUST1040,6th June 2023,7432.4,credit,"₹2,00,00,000",52.0,3miles,0
CUST1103,13.08.2023,8045.44,CREDIT,3.8 lakh,28.0,3m,0
CUST1068,02-Apr-23,4238.63,transfer,"₹7,19,458",,15m,0
CUST1050,10/03/2023,3123.07,Credit,"₹3,04,017",39.0,15m,0
CUST1031,08/10/2023,11322.69,DEBIT,Nil,35.0,3km,0
CUST1031,11.01.2023,2425.34,CREDIT,"Rs. 1,56,945",56.0,15km,0
CUST1073,18/07/2023,5296.13,CREDIT,0.46 crore,44.0,5km,0
CUST1031,03.10.2023,12473.71,DEBIT,"₹7,47,538",53.0,10m,0
CUST1091,26.12.2023,9574.62,Credit,0.3 Cr,38.0,15km,0
CUST1021,12.01.2023,4143.77,transfer,0.4 Cr,51.0,3km,0
CUST1114,15-Jan-23,9385.21,Credit,"Rs. 21,17,791",29.0,10km,0
CUST1072,18-Sep-23,8220.35,Transfer,68.9 lakh,58.0,5km,0
CUST1099,06/02/2023,4934.36,Debit ,0.3 Cr,33.0,3m,0
CUST1093,03-Mar-23,2259.71,Debit,"₹1,26,25,893",64.0,10miles,0
CUST1039,2023-07-01,6404.78,credit,"Rs. 5,75,119",32.0,5miles,0
CUST1096,2023-02-18,3193.03,Transfer,"₹15,99,507",,15km,0
CUST1000,17/06/2023,16580.96,Transfer,"₹2,00,00,000",44.0,1km,0
CUST1044,2023-02-19,5368.59,Transfer,30.6 lakh,49.0,3m,0
CUST1119,03/10/2023,8252.66,Debit ,"₹53,76,984",39.0,1miles,0
CUST1024,05.11.2023,17719.75,DEBIT,0.3 Cr,63.0,15miles,0
CUST1031,07.07.2023,5915.61,Debit,"Rs. 1,32,42,835",43.0,1miles,0
CUST1084,02/12/2023,5665.62,Credit,0.7 Cr,54.0,10m,0
CUST1037,17-Nov-23,22739.87,credit,"Rs. 24,46,827",52.0,1miles,0
CUST1098,17/12/2023,3419.02,transfer,0.5 Cr,26.0,5m,0
CUST1094,25th January 2023,14503.09,Transfer,"₹17,27,406",43.0,15km,0
CUST1065,09/07/2023,12899.21,Credit,"₹60,50,808",,3km,0
CUST1073,TBD,9695.71,transfer,"₹77,15,870",65.0,1miles,0
CUST1022,19th July 2023,11713.02,transfer,0.81 crore,30.0,3m,0
CUST1026,1st December 2023,10163.47,CREDIT,0.56 crore,,10miles,0
CUST1001,17th November 2023,6530.65,debit,"₹11,34,554",63.0,3km,0
CUST1068,17.06.2023,1277.24,Credit,0.05 crore,65.0,10miles,0
CUST1097,03.03.2023,3354.77,Debit,22.6 lakh,52.0,3km,0
CUST1029,20/01/2023,6823.79,CREDIT,67.9 lakh,25.0,3miles,0
CUST1098,22-Jan-23,6672.89,Credit,0.1 Cr,34.0,5km,0
CUST1044,25-Aug-23,5783.39,transfer,"₹36,09,266",39.0,15km,0
CUST1003,2023-08-14,1334.2,CREDIT,13.1 lakh,31.0,3m,0
CUST1068,09/01/2023,12266.72,Transfer,15.4 lakh,23.0,3km,0
CUST1104,18th July 2023,11932.92,transfer,"₹25,90,622",23.0,15m,0
CUST1036,18th December 2023,1455.67,Credit,"Rs. 27,88,404",52.0,15miles,0
CUST1058,2023-10-02,6980.97,credit,45.6 lakh,32.0,10miles,0
CUST1018,22nd January 2023,3155.47,CREDIT,0.5 Cr,29.0,5km,0
CUST1057,16/08/2023,7661.84,Transfer,"Rs. 42,04,186",46.0,3m,0
CUST1111,4th December 2023,4436.51,Debit ,0.90 crore,47.0,5m,0
CUST1038,2023-11-16,9993.05,Transfer,116.7 lakh,31.0,10m,0
CUST1049,18th October 2023,33483.57,credit,0.13 crore,30.0,10m,0
CUST1031,08/03/2023,12398.99,Debit,"Rs. 14,20,251",60.0,15m,0
CUST1002,05-Jan-23,4768.62,DEBIT,"₹15,41,970",,5km,0
CUST1079,11/06/2023,6746.4,Debit ,"Rs. 22,05,635",39.0,5km,0
CUST1015,2023-09-30,7500.61,Transfer,"Rs. 11,66,898",51.0,5m,0
CUST1116,16-Aug-23,14332.09,CREDIT,"₹6,50,147",45.0,10km,0
CUST1073,2023-04-04,3267.85,debit,"₹1,12,16,605",57.0,5miles,0
CUST1079,2023-06-03,3793.04,CREDIT,90.8 lakh,63.0,3m,0
CUST1102,11.09.2023,5982.15,Debit ,Undisclosed,31.0,5miles,0
CUST1040,27th March 2023,6333.88,Transfer,200.0 lakh,48.0,5km,0
CUST1042,10th October 2023,17043.14,credit,Undisclosed,21.0,15km,0
CUST1004,22-Dec-23,12684.64,Transfer,"Rs. 1,04,12,077",48.0,10m,0
CUST1062,25/05/2023,15304.13,debit,"Rs. 9,21,295",,5m,0
CUST1009,01-Apr-23,13762.6,Transfer,68.4 lakh,26.0,1km,0
CUST1019,26/10/2023,15016.18,Transfer,"Rs. 53,33,456",63.0,1m,0
CUST1023,16/02/2023,6041.9,transfer,Nil,26.0,10miles,0
CUST1077,28/12/2023,449.89,Credit,0.06 crore,24.0,10km,0
CUST1112,05/10/2023,1701.04,Debit ,19.0 lakh,25.0,3km,0
CUST1081,31-Oct-23,17331.69,Credit,"Rs. 20,30,932",48.0,5miles,0
CUST1008,1st February 2023,9481.74,Debit,1.14 crore,,10km,0
CUST1040,29-Oct-23,6283.03,transfer,1.05 crore,25.0,15miles,0
CUST1047,13th September 2023,18835.65,credit,"Rs. 51,35,518",33.0,3m,0
CUST1041,26th July 2023,3009.19,Transfer,"Rs. 1,18,78,149",45.0,10km,0
CUST1051,2023-07-07,1802.27,credit,Undisclosed,32.0,3m,0
CUST1019,19th May 2023,3013.54,credit,"₹70,32,623",56.0,5km,0
CUST1109,23rd March 2023,3081.38,Debit ,"₹6,00,163",41.0,10m,0
CUST1062,07.01.2023,6880.21,CREDIT,9.8 lakh,60.0,10m,0
CUST1047,19-Dec-23,1484.84,Transfer,0.08 crore,22.0,10miles,0
CUST1116,10.06.2023,5554.49,Transfer,"Rs. 9,91,308",57.0,5m,0
CUST1090,31/10/2023,11552.62,transfer,1.8 lakh,22.0,5m,0
CUST1010,28-Sep-23,6567.7,Transfer,0.2 Cr,38.0,1miles,0
CUST1046,31-Jan-23,23459.29,credit,42.4 lakh,60.0,10m,0
CUST1077,02.10.2023,11085.25,transfer,77.4 lakh,28.0,5m,0
CUST1031,2023-07-12,5513.01,credit,"₹41,17,191",39.0,1km,0
CUST1099,17.03.2023,7206.6,credit,"Rs. 2,00,00,000",41.0,1miles,0
CUST1020,28th October 2023,13186.32,Transfer,"₹6,45,812",56.0,10miles,0
CUST1080,11.08.2023,7602.46,debit,"Rs. 43,80,808",23.0,5miles,0
CUST1063,2nd February 2023,469.58,Credit,10.6 lakh,36.0,1miles,0
CUST1063,25th July 2023,6147.55,Debit,0.0 Cr,65.0,3m,0
CUST1097,14/05/2023,3683.06,debit,"₹31,11,441",24.0,3miles,0
CUST1064,2023-06-13,6775.11,debit,NULL,63.0,10m,0
CUST1074,2023-09-09,5659.73,transfer,Undisclosed,44.0,15km,0
CUST1034,12th October 2023,3841.84,DEBIT,"Rs. 49,08,983",59.0,5miles,0
CUST1057,15/01/2023,2737.84,DEBIT,0.1 Cr,28.0,1miles,0
CUST1106,20/12/2023,255553.24,Transfer,0.07 crore,,3m,0
CUST1039,07/01/2023,18587.54,credit,12.4 lakh,45.0,5miles,0
CUST1071,02.11.2023,2053.0,DEBIT,23.8 lakh,21.0,1m,0
CUST1056,15-Jul-23,970.33,CREDIT,22.3 lakh,62.0,3miles,0
CUST1002,2023-06-02,7481.45,Credit,"₹8,84,788",34.0,1m,0
CUST1001,27th February 2023,5893.95,debit,4.7 lakh,65.0,15miles,0
CUST1027,2023-02-03,7666.89,Transfer,,50.0,10km,0
CUST1098,2023-05-24,7895.21,Transfer,"Rs. 26,32,724",63.0,5km,0
CUST1111,16th October 2023,16565.9,CREDIT,"Rs. 16,62,045",35.0,1miles,0
CUST1020,11th July 2023,6247.01,credit,0.06 crore,41.0,5miles,0
CUST1018,11.12.2023,5382.31,transfer,"Rs. 55,95,280",48.0,1m,0
CUST1057,04/10/2023,8772.47,Transfer,4.8 lakh,61.0,3m,0
CUST1104,2023-04-16,9349.45,CREDIT,"Rs. 13,83,368",28.0,15m,0
CUST1085,26/03/2023,7511.03,transfer,0.54 crore,44.0,15miles,0
CUST1095,unknown,6766.04,Credit,"₹29,52,409",30.0,3m,0
CUST1117,2023-02-06,2086.75,Debit,0.78 crore,34.0,15m,0
CUST1037,03.03.2023,1970.08,credit,"₹43,19,227",28.0,10miles,0
CUST1047,17th April 2023,2183.9,credit,0.2 Cr,60.0,15km,0
CUST1003,11th May 2023,6663.01,Debit ,"Rs. 68,66,644",48.0,15m,0
CUST1004,2023-09-07,5651.63,credit,"₹7,29,059",26.0,3m,0
CUST1095,22/06/2023,10300.97,Transfer,NULL,49.0,3m,0
CUST1119,17.09.2023,11075.99,Debit ,0.2 Cr,57.0,10m,1
CUST1022,2023-08-20,6330.96,CREDIT,?,64.0,3km,0
CUST1103,2023-12-01,8574.92,debit,-,64.0,15miles,0
CUST1017,09-Mar-23,5773.94,Transfer,0.1 Cr,44.0,10km,0
CUST1053,31-Aug-23,1341.81,credit,Undisclosed,25.0,1km,0
CUST1064,05.05.2023,926.94,CREDIT,109.5 lakh,57.0,3m,0
CUST1033,02.09.2023,8993.71,DEBIT,4.9 lakh,23.0,3km,0
CUST1007,19/09/2023,75103.54,Debit ,0.79 crore,,3miles,0
CUST1061,03/09/2023,1483.04,Debit ,34.0 lakh,55.0,1km,0
CUST1065,7th February 2023,4777.91,DEBIT,74.5 lakh,61.0,5km,0
CUST1099,22/07/2023,1456.69,CREDIT,Undisclosed,46.0,10m,0
CUST1101,18.09.2023,23049.28,debit,12.4 lakh,52.0,1miles,0
CUST1098,25-Nov-23,12937.39,CREDIT,Undisclosed,62.0,5miles,0
CUST1062,17-Jul-23,5736.97,Debit ,1.0 Cr,59.0,15m,0
CUST1043,30-Sep-23,4971.29,debit,"₹50,730",38.0,5m,0
CUST1044,06.06.2023,2065.23,DEBIT,0.51 crore,37.0,15miles,0
CUST1024,18-Dec-23,4948.65,Transfer,0.6 Cr,50.0,15m,0
CUST1026,03.11.2023,7747.71,CREDIT,1.44 crore,52.0,5km,0
CUST1043,16-Mar-23,2524.31,credit,"₹10,42,763",56.0,10km,0
CUST1119,2023-10-09,9096.1,credit,0.04 crore,38.0,1miles,0
CUST1049,10-Jun-23,8457.33,Debit,74.8 lakh,24.0,1km,0
CUST1118,18-Dec-23,260.72,Credit,"₹8,86,738",21.0,1miles,0
CUST1029,23/04/2023,2484.6,Debit ,1.4 Cr,43.0,3km,0
CUST1026,05/10/2023,11865.15,Debit ,4.1 lakh,38.0,10km,0
CUST1078,26th March 2023,3744.17,Credit,92.1 lakh,,5miles,0
CUST1029,21/02/2023,10130.26,transfer,"Rs. 83,69,197",45.0,15miles,0
CUST1055,26.09.2023,5450.26,transfer,"₹1,88,43,493",49.0,15km,1
CUST1021,2023-07-26,1145.07,Transfer,0.36 crore,39.0,3miles,0
CUST1082,24th December 2023,3303.26,Debit ,"₹58,17,409",45.0,1miles,0
CUST1032,28.06.2023,4137.46,Transfer,0.71 crore,31.0,3km,0
CUST1108,19-Jan-23,1527.44,DEBIT,Nil,,3km,0
CUST1057,2023-03-18,11735.25,Transfer,"Rs. 2,00,00,000",35.0,10miles,0
CUST1073,02.12.2023,39073.26,Transfer,119.7 lakh,48.0,3km,0
CUST1008,21/02/2023,13242.24,Debit,43.1 lakh,56.0,5m,0
CUST1041,29/03/2023,9581.48,DEBIT,0.2 Cr,24.0,10km,0
CUST1073,23rd May 2023,10806.53,Debit,"Rs. 16,72,847",36.0,3m,0
CUST1036,24.08.2023,2446.48,CREDIT,"Rs. 1,16,38,724",55.0,10m,0
CUST1073,27-Jul-23,12774.81,Credit,0.3 Cr,52.0,3km,0
CUST1077,31/07/2023,10750.64,CREDIT,0.56 crore,33.0,1km,0
CUST1101,13th March 2023,4269.02,Credit,0.23 crore,35.0,10miles,0
CUST1059,8th March 2023,6303.72,transfer,"₹30,40,866",61.0,1miles,0
CUST1009,03.11.2023,9301.8,Debit,1.0 Cr,,10km,0
CUST1012,16th March 2023,10100.0,CREDIT,2.0 Cr,,3m,0
CUST1058,27.06.2023,6875.03,Debit,0.59 crore,58.0,1miles,0
CUST1019,13th July 2023,4302.48,Debit,"Rs. 9,88,881",30.0,3km,0
CUST1005,05/06/2023,5323.33,Debit,Undisclosed,33.0,10km,0
CUST1020,20-Jan-23,4487.08,transfer,"Rs. 11,60,856",31.0,10km,0
CUST1108,29.08.2023,8806.49,transfer,0.86 crore,42.0,5m,0
CUST1103,1st November 2023,10856.28,transfer,6.3 lakh,,10miles,0
CUST1006,2023-10-30,7033.36,transfer,0.15 crore,35.0,3km,0
CUST1052,2023-07-24,2638.66,credit,0.06 crore,60.0,10m,0
CUST1104,10th August 2023,15139.53,CREDIT,"Rs. 11,52,991",44.0,1miles,0
CUST1027,2023-07-27,4264.93,Debit,4.2 lakh,31.0,5km,0
CUST1010,TBD,4674.44,debit,"Rs. 26,87,212",,3km,0
CUST1037,07/07/2023,7527.61,Debit,0.60 crore,,3miles,0
CUST1105,09.04.2023,2227.55,Credit,"Rs. 61,08,316",38.0,15miles,0
CUST1008,2023-08-25,4751.37,credit,0.45 crore,53.0,1miles,0
CUST1085,25-Mar-23,4376.01,transfer,"Rs. 4,41,466",39.0,10miles,0
CUST1026,04/05/2023,6837.47,credit,NA,28.0,3km,0
CUST1088,13/06/2023,17935.42,CREDIT,"Rs. 15,65,893",62.0,15m,0
CUST1004,6th July 2023,955.44,transfer,10.7 lakh,,5miles,0
CUST1057,10-Mar-23,3238.22,Credit,"Rs. 14,75,723",57.0,3km,0
CUST1062,2023-06-21,2949.4,transfer,9.8 lakh,38.0,3m,0
CUST1091,25.06.2023,7129.22,CREDIT,0.53 crore,53.0,3km,0
CUST1050,28th September 2023,4223.35,DEBIT,0.2 Cr,23.0,10m,0
CUST1042,10.01.2023,17785.85,Debit ,"₹1,46,11,335",50.0,15m,0
CUST1033,2023-06-03,11795.82,Debit ,"₹8,24,130",58.0,5miles,0
CUST1030,23-Jul-23,1392.59,Transfer,N/A,38.0,15m,0
CUST1063,25/10/2023,12683.42,Debit ,0.3 Cr,36.0,10m,0
CUST1010,18/06/2023,8200.61,Credit,-,37.0,3m,0
CUST1093,2023-03-25,14713.92,Debit,0.34 crore,56.0,1km,0
CUST1099,19.05.2023,5430.86,Credit,"₹64,94,517",53.0,15miles,0
CUST1045,2023-02-17,6350.64,debit,"Rs. 20,58,606",37.0,1m,0
CUST1018,25th June 2023,9082.11,Debit ,0.3 Cr,61.0,5km,0
CUST1027,27.03.2023,5806.23,credit,"Rs. 47,79,509",25.0,3m,0
CUST1041,25-Nov-23,7694.82,CREDIT,Nil,,5km,0
CUST1107,4th January 2023,1335.93,CREDIT,"Rs. 33,31,619",59.0,15m,0
CUST1070,2023-06-24,6228.62,DEBIT,"₹6,93,346",36.0,5m,0
CUST1085,12-Mar-23,10900.22,Credit,"Rs. 50,30,448",47.0,1m,0
CUST1003,26-May-23,10050.6,credit,"₹12,76,306",59.0,15km,0
CUST1113,05.03.2023,3698.74,DEBIT,200.0 lakh,,1miles,0
CUST1116,2023-10-10,5230.85,Debit,"₹16,29,748",23.0,5miles,0
CUST1012,29.10.2023,7980.94,Transfer,Undisclosed,,5miles,0
CUST1010,21.06.2023,9002.54,Debit ,0.6 Cr,22.0,10km,0
CUST1000,15.12.2023,7066.64,transfer,0.80 crore,33.0,10m,0
CUST1024,2023-09-28,16987.9,transfer,74.0 lakh,58.0,5miles,0
CUST1032,28.11.2023,3450.85,debit,"₹34,21,280",33.0,5m,0
CUST1016,2023-12-31,7493.02,Transfer,Undisclosed,25.0,10km,0
CUST1083,18-Apr-23,11459.66,credit,"₹86,44,328",49.0,3km,0
CUST1048,04/12/2023,5368.94,credit,0.25 crore,61.0,3km,0
CUST1035,12-Aug-23,17339.44,DEBIT,,24.0,10m,0
CUST1035,1st April 2023,11942.32,DEBIT,"₹9,64,351",25.0,15miles,0
CUST1107,02.09.2023,23157.23,Transfer,0.13 crore,29.0,1km,0
CUST1014,18.05.2023,4486.23,debit,0.0 Cr,,15miles,0
CUST1115,25/05/2023,6798.63,transfer,3.3 lakh,56.0,15m,0
CUST1067,02/01/2023,11658.66,DEBIT,"₹32,04,789",56.0,10m,0
CUST1092,06.08.2023,4430.66,Transfer,1.85 crore,63.0,15m,0
CUST1113,2023-05-06,3668.5,Transfer,0.18 crore,55.0,5miles,0
CUST1013,2023-10-17,11637.71,transfer,49.2 lakh,,10miles,0
CUST1091,11-Mar-23,3685.44,transfer,48.6 lakh,,5km,0
CUST1114,18/04/2023,2486.41,Debit ,12.1 lakh,,5m,0
CUST1088,22/05/2023,592.3,transfer,"₹61,95,910",34.0,10miles,0
CUST1000,2023-08-07,9477.45,transfer,0.63 crore,31.0,1m,0
CUST1024,30th March 2023,2328.31,debit,6.4 lakh,33.0,3km,0
CUST1004,02/03/2023,5549.0,credit,11.8 lakh,40.0,10km,0
CUST1000,29/03/2023,1734.12,Credit,0.3 Cr,47.0,1km,0
CUST1055,28-Apr-23,12649.67,Credit,58.3 lakh,56.0,15m,0
CUST1106,01/11/2023,4851.21,Transfer,2.0 Cr,32.0,15miles,0
CUST1025,2023-07-27,9423.79,Debit,0.1 Cr,,15km,0
CUST1071,03/09/2023,2617.43,Debit,0.8 Cr,24.0,15km,0
CUST1065,07.11.2023,13082.02,debit,"₹98,41,762",42.0,15m,0
CUST1005,7th August 2023,5318.24,Transfer,54.4 lakh,65.0,1m,0
CUST1094,2023-06-14,5607.62,DEBIT,0.23 crore,23.0,1km,0
CUST1021,23.11.2023,1698.7,debit,"₹67,14,844",27.0,10m,0
CUST1045,10/06/2023,1783.1,transfer,"₹16,59,905",39.0,5miles,0
CUST1036,9th September 2023,7264.93,Debit ,"₹55,76,339",39.0,15m,0
CUST1059,14.01.2023,1372.68,CREDIT,NULL,45.0,5m,0
CUST1019,2023-07-27,908.52,credit,"₹11,53,197",38.0,15km,0
CUST1105,29.03.2023,9826.12,transfer,"Rs. 1,10,53,677",23.0,10km,0
CUST1079,2023-07-01,5496.93,Debit ,"₹9,68,326",54.0,3km,0
CUST1032,28th September 2023,7119.02,debit,0.2 Cr,37.0,5m,0
CUST1048,07-Apr-23,3364.49,Transfer,"₹9,89,565",64.0,1km,0
CUST1066,20.10.2023,10626.1,Credit,0.28 crore,36.0,10m,0
CUST1013,08-Jun-23,7621.71,Credit,0.23 crore,45.0,5m,0
CUST1023,26th July 2023,6410.76,credit,0.31 crore,39.0,3m,0
CUST1101,24.05.2023,3445.17,Transfer,1.9 Cr,53.0,1km,0
CUST1106,22-May-23,13253.07,debit,145.5 lakh,24.0,5km,0
CUST1117,21/04/2023,149085.57,Debit,0.31 crore,58.0,5m,0
CUST1012,31.12.2023,15191.52,debit,0.2 Cr,28.0,15km,0
CUST1063,21.04.2023,17114.76,transfer,0.13 crore,,10km,0
CUST1097,2023-06-17,6343.98,debit,"₹23,48,194",47.0,15m,0
CUST1105,2023-01-14,12799.81,Debit ,"₹15,78,459",47.0,1m,0
CUST1042,30.08.2023,7818.33,Transfer,"Rs. 22,95,049",59.0,1m,0
CUST1050,08.07.2023,913.13,DEBIT,0.69 crore,,5m,0
CUST1028,29/04/2023,2060.73,debit,"Rs. 5,59,561",,3miles,0
CUST1009,03-May-23,4006.02,Debit ,0.02 crore,,5km,0
CUST1095,2023-01-22,15787.81,Transfer,"₹1,04,44,726",52.0,10miles,0
CUST1014,07.03.2023,10628.82,Debit,"₹8,34,657",24.0,15km,0
CUST1049,2023-03-20,8151.74,CREDIT,"₹2,00,00,000",27.0,3km,0
CUST1070,04.04.2023,9317.83,credit,"₹1,87,55,297",48.0,15m,0
CUST1095,21/01/2023,11346.38,CREDIT,0.69 crore,,15miles,0
CUST1116,2023-10-09,9014.44,DEBIT,0.1 Cr,,3m,0
CUST1057,20.12.2023,3594.78,Debit,0.6 Cr,57.0,15m,0
CUST1091,20.08.2023,8318.45,transfer,0.6 Cr,59.0,15m,0
CUST1111,03.12.2023,9871.52,CREDIT,1.8 Cr,64.0,10km,0
CUST1049,23/11/2023,7700.36,debit,101.2 lakh,39.0,1m,0
CUST1013,5th April 2023,6200.82,Transfer,7.6 lakh,48.0,10m,0
CUST1071,31/08/2023,3177.59,Transfer,"₹14,94,785",22.0,10km,0
CUST1041,10-Dec-23,3468.19,DEBIT,0.14 crore,54.0,3m,0
CUST1052,06/12/2023,6747.65,CREDIT,96.5 lakh,48.0,5km,0
CUST1097,2023-07-03,7881.57,Debit,18.4 lakh,56.0,10m,0
CUST1071,2023-09-04,9667.56,Credit,"₹1,12,59,206",30.0,3m,0
CUST1099,2023-05-17,12687.73,Debit ,8.7 lakh,40.0,15miles,0
CUST1096,25th April 2023,7594.0,Transfer,Undisclosed,59.0,10miles,0
CUST1009,11.02.2023,9951.19,DEBIT,0.7 Cr,22.0,1km,0
CUST1080,7th November 2023,2870.69,Transfer,none,61.0,15km,0
CUST1006,8th July 2023,10393.45,Debit ,0.63 crore,49.0,10m,0
CUST1097,30th July 2023,10447.4,Credit,0.1 Cr,,1m,0
CUST1020,17/10/2023,17159.14,debit,0.5 Cr,22.0,10m,0
CUST1058,29th April 2023,1411.18,Transfer,7.4 lakh,31.0,3miles,0
CUST1059,6th January 2023,14670.86,DEBIT,22.0 lakh,,3km,0
CUST1016,28-Aug-23,11205.2,credit,0.2 Cr,33.0,3miles,0
CUST1075,2023-01-26,10580.31,credit,81.1 lakh,30.0,10miles,0
CUST1036,28th January 2023,10355.96,transfer,29.1 lakh,46.0,10m,0
CUST1085,20/09/2023,4388.84,debit,31.2 lakh,61.0,1miles,0
CUST1033,23/09/2023,5995.97,Transfer,"Rs. 3,71,592",52.0,15miles,0
CUST1112,2023-02-28,10551.57,CREDIT,69.0 lakh,47.0,1miles,0
CUST1075,6th October 2023,16153.33,Debit ,"Rs. 1,18,24,610",28.0,10miles,0
CUST1066,17/03/2023,23484.88,DEBIT,"₹44,09,052",,15km,0
CUST1041,12-Dec-23,13650.75,CREDIT,"Rs. 2,00,00,000",21.0,5m,0
CUST1019,2023-02-07,4434.51,transfer,59.6 lakh,41.0,15miles,0
CUST1030,09.08.2023,1737.0,debit,0.3 Cr,22.0,3km,0
CUST1084,05.10.2023,10000.04,Transfer,0.7 Cr,39.0,3miles,0
CUST1082,13.02.2023,12362.43,credit,"Rs. 30,19,579",23.0,10km,0
CUST1049,2nd September 2023,3830.85,CREDIT,,25.0,15km,0
CUST1068,10/09/2023,17618.31,CREDIT,32.7 lakh,48.0,15miles,0
CUST1073,11/04/2023,2008.13,Credit,"₹1,10,03,848",64.0,15km,0
CUST1089,2023-05-18,16270.45,DEBIT,0.53 crore,60.0,5m,0
CUST1115,05/10/2023,2659.3,CREDIT,0.64 crore,32.0,15miles,0
CUST1037,06.04.2023,3077.27,DEBIT,102.5 lakh,38.0,10km,0
CUST1051,26/03/2023,9424.19,CREDIT,2.00 crore,51.0,3miles,0
CUST1028,22-Dec-23,12120.41,Credit,0.1 Cr,27.0,3m,0
CUST1082,08-Sep-23,38273.5,Credit,"Rs. 43,66,997",22.0,15miles,0
CUST1000,10.04.2023,2314.31,transfer,0.4 Cr,53.0,15km,0
CUST1021,25-Jan-23,11450.83,credit,0.19 crore,23.0,1miles,0
CUST1013,17.06.2023,5917.69,debit,12.4 lakh,44.0,15km,0
CUST1102,2023-08-07,5926.43,Credit,NULL,30.0,1miles,0
CUST1058,16th July 2023,10427.07,DEBIT,"₹26,77,079",56.0,1m,0
CUST1046,08.03.2023,7821.75,credit,1.0 Cr,43.0,10km,0
CUST1007,16/06/2023,3908.16,CREDIT,0.5 Cr,49.0,15miles,0
CUST1043,19.09.2023,7060.31,Credit,0.18 crore,58.0,10miles,0
CUST1064,2023-03-07,5702.71,Debit,0.5 Cr,65.0,10miles,0
CUST1019,2023-06-07,8389.72,credit,25.5 lakh,25.0,3km,0
CUST1008,17/04/2023,3506.77,Transfer,Undisclosed,,3m,0
CUST1036,05/06/2023,3807.66,credit,0.1 Cr,58.0,15m,0
CUST1115,23/11/2023,4438.41,credit,0.23 crore,21.0,3miles,1
CUST1026,05/02/2023,1173.85,Transfer,18.8 lakh,27.0,3km,0
CUST1080,06/06/2023,2183.73,Debit ,"₹9,36,164",,1m,0
CUST1044,13th January 2023,4884.19,credit,"Rs. 16,29,571",63.0,10km,0
CUST1033,05.07.2023,4577.77,CREDIT,0.41 crore,57.0,1miles,0
CUST1070,04/05/2023,4893.09,CREDIT,-,28.0,10km,0
CUST1093,22.04.2023,6505.63,Transfer,0.1 Cr,22.0,5km,0
CUST1094,30.07.2023,16369.43,debit,"₹45,86,486",63.0,15km,0
CUST1114,27-Mar-23,7661.76,Credit,2.00 crore,57.0,15km,0
CUST1062,27-Nov-23,1680.6,transfer,"Rs. 83,48,852",39.0,3km,0
CUST1078,2023-03-01,6259.05,Debit,"Rs. 12,03,004",58.0,10km,0
CUST1042,07-May-23,2226.56,debit,0.0 Cr,52.0,1km,0
CUST1016,2023-03-18,21313.86,Transfer,Undisclosed,29.0,5miles,0
CUST1022,20th January 2023,11816.65,CREDIT,0.52 crore,64.0,10m,0
CUST1026,2023-12-21,844.77,Debit,0.08 crore,36.0,15miles,0
CUST1035,04/06/2023,4406.08,Debit,"Rs. 30,69,774",57.0,5km,0
CUST1002,18th March 2023,19906.48,CREDIT,19.6 lakh,58.0,5m,0
CUST1111,19th September 2023,13573.76,Debit,0.0 Cr,57.0,10miles,0
CUST1018,23rd July 2023,2941.6,credit,Undisclosed,34.0,3km,0
CUST1096,05/12/2023,4436.8,Debit,"₹49,45,229",26.0,1km,0
CUST1079,17/01/2023,22126.16,DEBIT,2.00 crore,49.0,3km,1
CUST1073,09-Apr-23,2110.78,Transfer,0.72 crore,,3miles,0
CUST1019,2023-05-25,17571.68,transfer,"₹8,05,053",64.0,10m,0
CUST1017,18-Mar-23,1974.09,transfer,"Rs. 46,34,428",58.0,3m,0
CUST1107,03.02.2023,3994.52,Credit,"₹17,11,794",63.0,15m,0
CUST1099,19-Feb-23,8830.18,debit,"Rs. 25,99,917",48.0,5m,0
CUST1108,14.01.2023,52292.65,credit,,48.0,1miles,0
CUST1007,27/03/2023,4278.32,debit,"₹1,37,17,281",26.0,10miles,0
CUST1110,2023-05-25,14802.82,Debit,"₹41,26,454",31.0,1km,0
CUST1015,09.01.2023,9728.6,DEBIT,"Rs. 10,11,146",61.0,10miles,0
CUST1056,30-Oct-23,9007.15,credit,0.23 crore,32.0,3miles,0
CUST1000,26th February 2023,8316.11,Transfer,N/A,53.0,1km,0
CUST1012,19-Aug-23,8798.06,Credit,"₹27,57,508",23.0,15km,0
CUST1018,31st October 2023,2231.47,debit,Undisclosed,24.0,10km,0
CUST1006,25th August 2023,6507.56,Credit,0.11 crore,,5miles,0
CUST1102,25th July 2023,3819.79,transfer,none,55.0,15m,0
CUST1063,16th January 2023,501.33,credit,Nil,33.0,15miles,0
CUST1113,2023-07-21,6438.27,DEBIT,7.6 lakh,54.0,3km,0
CUST1051,1st August 2023,4301.66,DEBIT,1.73 crore,22.0,1km,0
CUST1004,11-Jan-23,4025.83,Transfer,0.09 crore,56.0,1m,1
CUST1040,08-May-23,11472.55,transfer,"₹42,33,229",37.0,15m,0
CUST1118,2023-07-22,3838.92,credit,0.3 Cr,62.0,1km,0
CUST1077,12th October 2023,20127.79,CREDIT,"₹30,95,268",27.0,3km,0
CUST1034,08.05.2023,4707.13,Debit ,44.1 lakh,34.0,15m,0
CUST1103,08.01.2023,3035.27,Transfer,0.20 crore,63.0,3km,1
CUST1013,15.02.2023,2368.15,debit,181.6 lakh,61.0,5km,0
CUST1047,17th December 2023,3968.61,DEBIT,0.1 Cr,58.0,10km,0
CUST1118,5th December 2023,11396.45,CREDIT,"₹79,71,883",37.0,5m,0
CUST1065,30.04.2023,7272.14,Debit ,"Rs. 36,77,269",21.0,15km,0
CUST1060,2023-06-13,15847.29,Transfer,"₹14,06,656",33.0,10m,0
CUST1119,22/03/2023,2180.07,CREDIT,"Rs. 36,49,508",31.0,15m,0
CUST1096,20-Jul-23,8055.91,Debit ,"Rs. 75,27,133",,1m,0
CUST1014,01.07.2023,1607.8,Transfer,"Rs. 92,76,413",32.0,10miles,0
CUST1042,13.07.2023,4580.11,CREDIT,"Rs. 48,65,159",63.0,10km,0
CUST1081,25-May-23,9817.91,Debit,"Rs. 93,53,453",37.0,15miles,0
CUST1056,06.01.2023,2477.94,Transfer,0.07 crore,43.0,15km,0
CUST1000,15/09/2023,1278.58,credit,20.4 lakh,65.0,15km,0
CUST1061,2023-03-19,4528.46,Debit,0.1 Cr,48.0,1m,0
CUST1075,8th May 2023,8484.01,DEBIT,0.1 Cr,34.0,10km,0
CUST1023,08/05/2023,6385.67,credit,Undisclosed,27.0,10miles,0
CUST1096,04-Jun-23,9497.13,Credit,2.00 crore,,5m,0
CUST1100,18.10.2023,4923.12,Transfer,"₹57,23,008",25.0,15km,0
CUST1069,5th October 2023,18009.52,Transfer,"₹64,48,145",56.0,3km,0
CUST1100,26.04.2023,10967.05,Debit ,0.1 Cr,45.0,5m,0
CUST1089,13-Nov-23,20373.29,Transfer,0.24 crore,40.0,1miles,0
CUST1014,2023-03-05,10228.07,Credit,0.1 Cr,,10miles,0
CUST1009,31/08/2023,3991.9,DEBIT,"₹11,98,608",56.0,10km,0
CUST1041,10/07/2023,901.88,CREDIT,"Rs. 49,90,296",,15m,0
CUST1074,9th May 2023,4133.83,credit,0.30 crore,64.0,5m,0
CUST1006,17th June 2023,949.17,CREDIT,0.06 crore,40.0,5miles,0
CUST1114,15-Jan-23,23095.23,credit,0.38 crore,33.0,15m,0
CUST1112,15.07.2023,2696.72,Credit,148.9 lakh,39.0,1km,0
CUST1118,28th January 2023,3181.75,credit,Undisclosed,32.0,1km,0
CUST1088,2023-12-03,22186.9,DEBIT,"Rs. 86,39,602",25.0,10km,0
CUST1116,2023-09-15,1252.31,Debit ,0.10 crore,45.0,1km,0
CUST1075,22-Sep-23,9378.88,Credit,"Rs. 60,02,222",29.0,3km,0
CUST1119,20/05/2023,2367.8,debit,"Rs. 2,00,00,000",61.0,10km,0
CUST1067,2023-05-09,7465.58,CREDIT,"Rs. 14,46,519",65.0,15m,0
CUST1044,22.11.2023,7045.63,credit,0.25 crore,29.0,1m,0
CUST1046,18/05/2023,10148.03,Debit,Undisclosed,40.0,5miles,0
CUST1014,13th March 2023,6331.75,Transfer,56.1 lakh,39.0,15m,0
CUST1057,13.08.2023,4750.79,transfer,"Rs. 2,00,00,000",39.0,3miles,0
CUST1087,28th March 2023,1701.17,Debit,"Rs. 71,58,648",,15km,0
CUST1032,18-Jun-23,13966.26,DEBIT,Nil,55.0,15km,0
CUST1001,2023-01-19,572.47,credit,"₹22,03,771",46.0,10miles,0
CUST1022,23rd May 2023,4084.28,Transfer,1.14 crore,55.0,3m,0
CUST1057,27.12.2023,6320.26,transfer,?,59.0,1km,0
CUST1111,03.10.2023,4597.75,DEBIT,0.6 Cr,58.0,15m,0
CUST1040,04/09/2023,9494.3,transfer,56.9 lakh,49.0,3miles,0
CUST1090,10/05/2023,4854.89,Transfer,41.1 lakh,62.0,3m,0
CUST1019,27.02.2023,9265.89,debit,0.3 Cr,31.0,15km,0
CUST1021,16th March 2023,4349.69,Credit,Nil,21.0,1km,0
CUST1005,2023-01-16,2771.89,Credit,2.0 Cr,64.0,10m,0
CUST1047,2023-07-16,9590.31,Transfer,0.10 crore,56.0,5miles,0
CUST1100,2023-09-05,5655.64,Debit,0.4 Cr,40.0,10m,0
CUST1025,9th January 2023,9513.71,DEBIT,"Rs. 77,06,169",,5miles,0
CUST1002,19th December 2023,695.28,credit,Undisclosed,45.0,10miles,0
CUST1111,14.02.2023,8973.7,CREDIT,54.6 lakh,,10m,0
CUST1060,22/01/2023,1795.87,CREDIT,"₹13,95,370",33.0,10miles,0
CUST1092,18.10.2023,2529.09,Transfer,"Rs. 3,82,952",21.0,15km,0
CUST1060,28-Sep-23,4189.67,Credit,"Rs. 41,77,680",,1miles,0
CUST1072,21-Aug-23,4903.02,CREDIT,"₹21,48,890",22.0,1km,0
CUST1066,23.10.2023,6195.95,Credit,17.3 lakh,26.0,15km,0
CUST1009,25/08/2023,7488.95,credit,1.1 Cr,50.0,10miles,0
CUST1049,05.11.2023,20455.72,Credit,"₹33,42,006",62.0,15km,0
CUST1055,17-May-23,8664.11,transfer,24.0 lakh,53.0,15km,0
CUST1034,2023-03-09,7898.9,Transfer,0.8 Cr,52.0,1miles,0
CUST1016,07-Jul-23,17448.99,credit,"₹16,66,263",,1km,0
CUST1006,24-Aug-23,3552.55,Debit,200.0 lakh,32.0,15km,0
CUST1011,6th September 2023,5240.54,transfer,0.5 Cr,49.0,3km,0
CUST1000,04.09.2023,14986.45,Debit ,0.39 crore,24.0,1km,0
CUST1113,25th February 2023,11207.85,debit,"₹25,30,504",23.0,5km,0
CUST1025,2023-01-23,6378.69,transfer,Undisclosed,41.0,1km,0
CUST1071,31/12/2023,15150.44,credit,0.04 crore,57.0,15miles,0
CUST1016,01.11.2023,11409.67,DEBIT,"Rs. 1,99,58,392",26.0,15m,0
CUST1103,03/10/2023,3693.12,Debit ,?,,5m,0
CUST1114,01.06.2023,10156.91,transfer,1.65 crore,36.0,5km,0
CUST1004,08/08/2023,4504.91,Credit,2.0 Cr,37.0,5m,0
CUST1048,19-Nov-23,13864.37,Transfer,0.56 crore,24.0,5miles,0
CUST1050,2023-07-04,2312.13,Transfer,0.56 crore,46.0,3km,0
CUST1069,2023-06-20,922.41,Debit,0.22 crore,65.0,5m,0
CUST1010,21st February 2023,5067.01,transfer,0.5 Cr,,1km,0
CUST1006,18-Dec-23,8051.41,Transfer,11.9 lakh,60.0,5km,0
CUST1087,01/04/2023,5572.13,CREDIT,"₹1,15,06,798",41.0,15miles,0
CUST1117,26th January 2023,19389.56,transfer,"₹20,87,766",32.0,5m,0
CUST1004,13-Aug-23,4375.25,transfer,"Rs. 27,65,476",33.0,3miles,0
CUST1082,2023-01-15,11262.1,Debit,none,64.0,15km,0
CUST1000,2023-05-23,4325.89,transfer,"₹35,66,932",53.0,15m,0
CUST1080,11/11/2023,4759.5,CREDIT,14.5 lakh,60.0,15km,0
CUST1072,2023-06-24,13316.31,CREDIT,0.04 crore,,10miles,0
CUST1054,08.10.2023,17749.67,CREDIT,0.0 Cr,37.0,1m,0
CUST1087,06/03/2023,8586.89,Debit,57.7 lakh,39.0,5m,0
CUST1050,09.09.2023,5377.88,Debit ,15.3 lakh,,3m,0
CUST1040,11.05.2023,7034.34,Transfer,"Rs. 54,91,519",55.0,5km,0
CUST1028,2023-04-24,9400.47,Credit,"₹70,09,619",23.0,15km,0
CUST1000,2023-11-23,4215.48,credit,0.3 Cr,37.0,3km,0
CUST1056,23.04.2023,3025.66,transfer,0.7 Cr,64.0,5miles,0
CUST1041,17/10/2023,3411.89,CREDIT,"₹99,868",48.0,5km,0
CUST1102,2023-04-02,4912.37,Transfer,73.3 lakh,32.0,1miles,0
CUST1000,16/08/2023,389.42,debit,1.61 crore,56.0,1km,0
CUST1008,2023-06-30,8418.25,Debit ,0.3 Cr,52.0,1m,0
CUST1027,02/10/2023,5828.33,Transfer,0.1 Cr,41.0,15m,0
CUST1048,12/10/2023,1095.19,Debit ,"₹2,00,00,000",36.0,10m,0
CUST1077,2023-03-21,3140.35,Transfer,0.1 Cr,53.0,5miles,0
CUST1065,12/03/2023,11530.65,debit,"Rs. 22,46,717",,15km,0
CUST1007,2023-05-10,10339.03,credit,0.06 crore,34.0,3m,0
CUST1073,05-Nov-23,4398.18,Transfer,"₹60,75,778",21.0,3km,0
CUST1028,09/03/2023,13059.2,Transfer,"Rs. 8,69,432",29.0,1km,0
CUST1053,21st June 2023,5100.22,credit,"Rs. 1,75,70,199",64.0,1miles,0
CUST1045,23rd July 2023,2338.22,Transfer,"₹95,45,158",25.0,1m,0
CUST1060,02/06/2023,21280.97,transfer,-,54.0,3km,0
CUST1008,2023-11-14,984.29,credit,5.2 lakh,,3km,0
CUST1071,08/07/2023,908.4,Debit ,"Rs. 1,29,10,190",50.0,1miles,0
CUST1046,5th July 2023,7809.32,DEBIT,0.4 Cr,37.0,5m,0
CUST1077,07/04/2023,9113.83,Credit,1.9 Cr,,15miles,0
CUST1055,02-Mar-23,8311.58,CREDIT,10.4 lakh,63.0,3m,0
CUST1019,21.02.2023,3746.17,Credit,0.7 Cr,55.0,10m,0
CUST1081,03/05/2023,4823.17,DEBIT,"₹96,30,813",45.0,5km,0
CUST1058,06/04/2023,9278.8,Debit,"₹96,44,979",36.0,5km,0
CUST1090,7th July 2023,19739.23,transfer,0.8 Cr,,5miles,0
CUST1063,19-Jun-23,20750.07,transfer,"Rs. 98,36,014",38.0,5km,0
CUST1109,19/05/2023,3442.29,credit,0.1 Cr,25.0,10km,0
CUST1047,12th January 2023,11393.3,Transfer,"₹12,39,399",60.0,5m,0
CUST1041,10/07/2023,11045.78,DEBIT,"Rs. 45,95,100",28.0,3km,0
CUST1099,29.10.2023,2755.87,debit,0.23 crore,39.0,1m,0
CUST1101,22nd March 2023,4733.08,Debit ,"₹2,87,515",40.0,3m,0
CUST1028,23-Feb-23,5753.35,transfer,N/A,54.0,5km,0
CUST1011,13.10.2023,2524.86,credit,200.0 lakh,63.0,5m,0
CUST1034,15/12/2023,4226.54,Debit ,,31.0,1m,0
CUST1059,invalid-date,7666.72,Debit,"Rs. 1,00,74,304",33.0,3miles,0
CUST1118,2023-11-19,3418.34,Debit,32.7 lakh,25.0,1miles,0
CUST1117,19/03/2023,1229.23,Debit ,116.5 lakh,,3miles,0
CUST1003,6th November 2023,2533.57,Debit,0.2 Cr,34.0,10m,0
CUST1025,04/03/2023,7920.5,transfer,0.0 Cr,54.0,10km,0
CUST1100,7th May 2023,7257.97,debit,0.39 crore,63.0,3km,0
CUST1114,25th September 2023,8750.94,DEBIT,?,65.0,3miles,0
CUST1004,2023-08-29,10636.75,Transfer,"₹8,34,656",53.0,3miles,0
CUST1106,13.04.2023,5511.12,debit,N/A,27.0,5m,0
CUST1090,15th February 2023,14674.06,DEBIT,"Rs. 7,33,283",48.0,5m,0
CUST1056,15.05.2023,3081.87,Debit,20.8 lakh,65.0,3km,0
CUST1096,08/11/2023,3461.17,DEBIT,46.1 lakh,57.0,3m,0
CUST1051,30th January 2023,12332.65,Debit,0.8 Cr,44.0,1miles,0
CUST1109,28-Nov-23,1960.39,DEBIT,"₹13,16,612",52.0,5km,0
CUST1098,04.03.2023,14719.25,CREDIT,0.38 crore,25.0,3miles,0
CUST1051,28.04.2023,10327.86,debit,"Rs. 2,00,00,000",41.0,5miles,0
CUST1119,17-Nov-23,584.54,credit,0.94 crore,38.0,1km,0
CUST1034,09/01/2023,1759.0,Debit ,"₹16,00,578",34.0,15miles,0
CUST1102,2023-01-01,3922.08,Debit,"₹23,13,688",31.0,1km,0
CUST1019,7th June 2023,6505.26,Credit,45.5 lakh,48.0,15miles,0
CUST1072,25/09/2023,15674.03,Debit ,"₹49,04,325",51.0,3km,0
CUST1083,19th July 2023,3272.8,Credit,"₹4,60,872",57.0,15m,0
CUST1107,23rd November 2023,2308.36,credit,1.3 Cr,40.0,3km,0
CUST1024,16-Jan-23,2964.22,DEBIT,0.5 Cr,28.0,3km,0
CUST1062,13th July 2023,14120.11,transfer,1.17 crore,39.0,10km,0
CUST1050,2023-06-06,6666.05,Credit,"Rs. 1,19,95,096",49.0,15miles,0
